{"stats":{"minecraft:mined":{"minecraft:sand":1,"minecraft:dirt":2},"minecraft:custom":{"minecraft:jump":18,"minecraft:time_since_rest":1363,"minecraft:leave_game":1,"minecraft:sprint_one_cm":2537,"minecraft:play_time":1363,"minecraft:time_since_death":1363,"minecraft:walk_one_cm":1261,"minecraft:sneak_time":35,"minecraft:total_world_time":1363,"minecraft:fly_one_cm":19404},"minecraft:picked_up":{"minecraft:sand":1,"minecraft:dirt":2},"minecraft:used":{"minecraft:dirt":2,"minecraft:sand":1}},"DataVersion":3953}