{"stats":{"minecraft:custom":{"minecraft:time_since_rest":34659,"minecraft:crouch_one_cm":1792,"minecraft:play_time":34659,"minecraft:sprint_one_cm":34539,"minecraft:walk_one_cm":12094,"minecraft:sneak_time":713,"minecraft:mob_kills":79,"minecraft:jump":364,"minecraft:damage_dealt":14164,"minecraft:leave_game":3,"minecraft:time_since_death":34659,"minecraft:total_world_time":35833,"minecraft:fall_one_cm":269,"minecraft:fly_one_cm":580735},"minecraft:used":{"minecraft:netherite_sword":158,"minecraft:wooden_sword":2,"minecraft:diamond_axe":9},"minecraft:killed":{"minecraft:skeleton":22,"minecraft:zombie":45,"minecraft:witch":5,"minecraft:villager":6},"minecraft:picked_up":{"minecraft:stick":1,"minecraft:bone":11,"minecraft:arrow":11,"minecraft:rotten_flesh":20,"minecraft:gunpowder":2,"minecraft:redstone":5}},"DataVersion":3953}