{"stats":{"minecraft:used":{"minecraft:moss_block":2,"minecraft:tuff_bricks":15,"minecraft:blue_terracotta":22,"minecraft:polished_granite_stairs":284,"minecraft:purple_candle":20,"minecraft:chiseled_deepslate":1,"minecraft:flint_and_steel":94,"minecraft:heavy_core":3,"minecraft:red_concrete":6,"minecraft:armor_stand":5,"minecraft:redstone":71,"minecraft:dispenser":14,"minecraft:polished_blackstone":13,"minecraft:oak_sign":3,"minecraft:stripped_warped_stem":6,"minecraft:chest":23,"minecraft:decorated_pot":14,"minecraft:spruce_planks":2,"minecraft:polished_tuff_wall":32,"minecraft:white_shulker_box":1,"minecraft:sculk":718,"minecraft:stripped_jungle_wood":774,"minecraft:structure_block":1,"minecraft:netherrack":6,"minecraft:stripped_crimson_stem":1,"minecraft:debug_stick":243,"minecraft:torch":4,"minecraft:dirt":3,"minecraft:anvil":2,"minecraft:hopper":27,"minecraft:jungle_planks":146,"minecraft:crafter":5,"minecraft:waxed_copper_door":1,"minecraft:orange_wool":5,"minecraft:yellow_candle":4,"minecraft:magenta_candle":4,"minecraft:polished_granite_slab":4,"minecraft:jungle_trapdoor":51,"minecraft:spruce_fence":13,"minecraft:mud_brick_stairs":158,"minecraft:obsidian":60,"minecraft:orange_candle":291,"minecraft:shroomlight":2,"minecraft:dark_oak_planks":1,"minecraft:red_shulker_box":1,"minecraft:sea_lantern":1,"minecraft:packed_ice":467,"minecraft:light_weighted_pressure_plate":1,"minecraft:red_wool":38,"minecraft:yellow_stained_glass":1,"minecraft:lantern":7,"minecraft:grass_block":9,"minecraft:oak_stairs":556,"minecraft:smooth_sandstone":1035,"minecraft:crimson_slab":3,"minecraft:tuff_brick_wall":8,"minecraft:tuff_wall":275,"minecraft:waxed_exposed_copper_trapdoor":88,"minecraft:polished_blackstone_brick_stairs":2,"minecraft:gray_concrete_powder":1,"minecraft:raw_gold_block":150,"minecraft:mud_bricks":319,"minecraft:crimson_planks":1,"minecraft:barrel":3,"minecraft:stone_bricks":2,"minecraft:waxed_exposed_cut_copper_slab":25,"minecraft:smooth_basalt":1,"minecraft:yellow_concrete_powder":2,"minecraft:light_gray_wool":6,"minecraft:purple_concrete":1,"minecraft:repeater":4,"minecraft:redstone_lamp":1,"minecraft:magenta_terracotta":1,"minecraft:blue_shulker_box":1,"minecraft:gold_block":5,"minecraft:granite_wall":108,"minecraft:pearlescent_froglight":207,"minecraft:red_dye":3,"minecraft:polished_blackstone_stairs":4,"minecraft:deepslate_brick_wall":3,"minecraft:chiseled_polished_blackstone":1,"minecraft:mossy_stone_bricks":1,"minecraft:amethyst_block":230,"minecraft:sandstone_stairs":2,"minecraft:warped_hanging_sign":2,"minecraft:waxed_weathered_copper_bulb":1,"minecraft:birch_planks":20,"minecraft:yellow_shulker_box":1,"minecraft:cyan_candle":14,"minecraft:prismarine":2,"minecraft:red_nether_bricks":41,"minecraft:smooth_sandstone_slab":155,"minecraft:blackstone":22,"minecraft:ender_pearl":5,"minecraft:sandstone":91,"minecraft:cut_sandstone":346,"minecraft:redstone_block":1,"minecraft:magenta_stained_glass":166,"minecraft:waxed_oxidized_copper_trapdoor":14,"minecraft:glow_ink_sac":2,"minecraft:deepslate_bricks":22,"minecraft:gilded_blackstone":1,"minecraft:white_wool":79,"minecraft:dark_oak_trapdoor":74,"minecraft:mossy_cobblestone":1,"minecraft:sand":1,"minecraft:terracotta":104,"minecraft:mangrove_trapdoor":141,"minecraft:yellow_terracotta":3,"minecraft:cut_sandstone_slab":24,"minecraft:crafting_table":1,"minecraft:birch_sign":4,"minecraft:weathered_cut_copper_slab":4,"minecraft:crossbow":71,"minecraft:blue_ice":1,"minecraft:purple_terracotta":18,"minecraft:campfire":11,"minecraft:light_gray_concrete_powder":1,"minecraft:blackstone_wall":4,"minecraft:note_block":1,"minecraft:ochre_froglight":62,"minecraft:lime_shulker_box":1,"minecraft:black_concrete_powder":1,"minecraft:spruce_log":250,"minecraft:deepslate_brick_stairs":49,"minecraft:purple_concrete_powder":1,"minecraft:redstone_torch":6,"minecraft:deepslate_tiles":1,"minecraft:oak_log":45,"minecraft:light_blue_candle":4,"minecraft:black_terracotta":1,"minecraft:yellow_dye":1,"minecraft:mud":1,"minecraft:enderman_spawn_egg":1,"minecraft:netherite_block":1,"minecraft:lever":110,"minecraft:flower_pot":2,"minecraft:black_wool":33,"minecraft:black_concrete":11,"minecraft:warped_trapdoor":1,"minecraft:acacia_sign":1,"minecraft:command_block":1,"minecraft:brown_stained_glass":122,"minecraft:tuff_brick_stairs":32,"minecraft:jungle_stairs":639,"minecraft:polished_granite":37,"minecraft:magenta_concrete_powder":1,"minecraft:gravel":1,"minecraft:tuff_brick_slab":5,"minecraft:yellow_wool":58,"minecraft:copper_bulb":31,"minecraft:soul_lantern":20,"minecraft:chiseled_tuff_bricks":9,"minecraft:stripped_warped_hyphae":7,"minecraft:nether_wart_block":13,"minecraft:blue_candle":4,"minecraft:potion":5,"minecraft:stripped_crimson_hyphae":1,"minecraft:mud_brick_wall":147,"minecraft:red_concrete_powder":18,"minecraft:grindstone":1,"minecraft:andesite":1,"minecraft:chain":146,"minecraft:waxed_oxidized_copper_bulb":6,"minecraft:stripped_oak_log":20,"minecraft:cobweb":2,"minecraft:splash_potion":393,"minecraft:waxed_copper_bulb":72,"minecraft:jukebox":5,"minecraft:soul_torch":1,"minecraft:experience_bottle":80},"minecraft:custom":{"minecraft:mob_kills":1,"minecraft:interact_with_anvil":5,"minecraft:inspect_hopper":22,"minecraft:interact_with_crafting_table":1,"minecraft:open_barrel":5,"minecraft:open_shulker_box":13,"minecraft:leave_game":34,"minecraft:time_since_death":117305,"minecraft:sprint_one_cm":450202,"minecraft:walk_one_cm":266577,"minecraft:drop":7,"minecraft:play_time":1768600,"minecraft:deaths":2,"minecraft:sneak_time":80578,"minecraft:jump":3115,"minecraft:total_world_time":1768600,"minecraft:play_record":8,"minecraft:tune_noteblock":34,"minecraft:pot_flower":1,"minecraft:time_since_rest":117330,"minecraft:damage_taken":391,"minecraft:damage_dealt":24,"minecraft:fly_one_cm":17871089,"minecraft:open_chest":81,"minecraft:crouch_one_cm":102730,"minecraft:fall_one_cm":569,"minecraft:inspect_dispenser":66},"minecraft:picked_up":{"minecraft:music_disc_5":2,"minecraft:oak_stairs":1,"minecraft:experience_bottle":355,"minecraft:blue_shulker_box":1,"minecraft:lime_shulker_box":1,"minecraft:stick":1,"minecraft:music_disc_blocks":1,"minecraft:raw_gold_block":1,"minecraft:music_disc_11":2,"minecraft:polished_granite_stairs":1,"minecraft:rotten_flesh":1,"minecraft:red_shulker_box":1,"minecraft:white_shulker_box":1,"minecraft:yellow_shulker_box":1,"minecraft:glow_ink_sac":1,"minecraft:yellow_dye":1,"minecraft:wooden_hoe":1,"minecraft:dirt":1,"minecraft:netherite_axe":1,"minecraft:music_disc_chirp":1,"minecraft:music_disc_13":2,"minecraft:diamond":99,"minecraft:ender_pearl":1},"minecraft:killed":{"minecraft:zombie":1},"minecraft:dropped":{"minecraft:glow_ink_sac":1,"minecraft:diamond":99,"minecraft:wooden_hoe":1,"minecraft:yellow_dye":1,"minecraft:oak_stairs":1,"minecraft:netherite_sword":1,"minecraft:polished_granite_stairs":1},"minecraft:crafted":{"minecraft:leather_leggings":1,"minecraft:leather_boots":1,"minecraft:leather_helmet":1,"minecraft:leather_chestplate":1}},"DataVersion":3955}