{"stats":{"minecraft:used":{"minecraft:crimson_hanging_sign":1,"minecraft:chiseled_polished_blackstone":121,"minecraft:warped_stem":80,"minecraft:blue_terracotta":1,"minecraft:end_rod":53,"minecraft:amethyst_block":1,"minecraft:purple_candle":2,"minecraft:dark_oak_hanging_sign":6,"minecraft:blackstone_stairs":9,"minecraft:red_nether_bricks":31,"minecraft:blackstone":112,"minecraft:tinted_glass":3,"minecraft:sculk":1,"minecraft:magenta_stained_glass":14,"minecraft:deepslate_gold_ore":4,"minecraft:bell":3,"minecraft:glow_ink_sac":3,"minecraft:gilded_blackstone":23,"minecraft:soul_campfire":12,"minecraft:pink_concrete":13,"minecraft:yellow_terracotta":16,"minecraft:ochre_froglight":24,"minecraft:black_concrete_powder":123,"minecraft:deepslate_brick_stairs":9,"minecraft:birch_fence":1,"minecraft:obsidian":47,"minecraft:shroomlight":23,"minecraft:deepslate_tiles":2,"minecraft:black_terracotta":45,"minecraft:yellow_dye":2,"minecraft:black_wool":123,"minecraft:crying_obsidian":25,"minecraft:yellow_stained_glass":1,"minecraft:grass_block":1,"minecraft:smooth_sandstone":4,"minecraft:raw_gold_block":44,"minecraft:budding_amethyst":1,"minecraft:soul_lantern":21,"minecraft:smooth_basalt":1,"minecraft:nether_wart_block":21,"minecraft:end_crystal":1,"minecraft:crimson_stairs":25,"minecraft:red_concrete_powder":1,"minecraft:chain":141,"minecraft:pearlescent_froglight":101,"minecraft:red_dye":1,"minecraft:pointed_dripstone":27},"minecraft:custom":{"minecraft:leave_game":5,"minecraft:time_since_death":235685,"minecraft:time_since_rest":235685,"minecraft:sprint_one_cm":6407,"minecraft:walk_one_cm":54640,"minecraft:drop":233,"minecraft:fly_one_cm":1110323,"minecraft:crouch_one_cm":961,"minecraft:play_time":235685,"minecraft:sneak_time":3568,"minecraft:jump":156,"minecraft:total_world_time":235685},"minecraft:picked_up":{"minecraft:glow_ink_sac":1,"minecraft:yellow_dye":1,"minecraft:gilded_blackstone":1,"minecraft:chiseled_polished_blackstone":1,"minecraft:soul_lantern":4},"minecraft:dropped":{"minecraft:chiseled_polished_blackstone":2,"minecraft:blue_terracotta":1,"minecraft:warped_stem":65,"minecraft:blackstone":1,"minecraft:red_concrete_powder":1,"minecraft:glow_ink_sac":2,"minecraft:tinted_glass":1,"minecraft:obsidian":1,"minecraft:soul_lantern":3,"minecraft:yellow_terracotta":1,"minecraft:amethyst_block":64,"minecraft:yellow_stained_glass":1,"minecraft:grass_block":2,"minecraft:raw_gold_block":2,"minecraft:end_rod":2,"minecraft:gold_block":1,"minecraft:dirt":1,"minecraft:crimson_stairs":1,"minecraft:shroomlight":62,"minecraft:deepslate_tiles":1,"minecraft:birch_fence":2,"minecraft:pearlescent_froglight":1,"minecraft:sculk":1,"minecraft:black_concrete_powder":2,"minecraft:yellow_dye":2,"minecraft:ochre_froglight":2,"minecraft:nether_wart_block":1,"minecraft:gilded_blackstone":2,"minecraft:red_nether_bricks":1,"minecraft:red_dye":1,"minecraft:purple_candle":1,"minecraft:crying_obsidian":1,"minecraft:smooth_basalt":1}},"DataVersion":3955}