{"stats":{"minecraft:killed":{"minecraft:enderman":1},"minecraft:mined":{"minecraft:grass_block":7,"minecraft:oak_log":4,"minecraft:oak_leaves":38},"minecraft:dropped":{"minecraft:red_shulker_box":1,"minecraft:ominous_bottle":1,"minecraft:golden_chestplate":1,"minecraft:netherite_axe":1,"minecraft:carved_pumpkin":1,"minecraft:oak_planks":1,"minecraft:iron_boots":1,"minecraft:chainmail_leggings":1},"minecraft:crafted":{"minecraft:oak_planks":16,"minecraft:crafting_table":1},"minecraft:used":{"minecraft:waxed_oxidized_copper_door":1,"minecraft:packed_ice":1,"minecraft:black_concrete":1,"minecraft:grass_block":23,"minecraft:bread":1,"minecraft:redstone":2,"minecraft:smooth_sandstone":10,"minecraft:netherite_axe":4,"minecraft:oak_sign":2,"minecraft:sniffer_egg":2,"minecraft:conduit":5,"minecraft:tube_coral":6,"minecraft:potion":6,"minecraft:dirt":7,"minecraft:terracotta":1,"minecraft:mangrove_trapdoor":1,"minecraft:sniffer_spawn_egg":1,"minecraft:pitcher_plant":2,"minecraft:oak_sapling":2,"minecraft:twisting_vines":57,"minecraft:bamboo_block":1,"minecraft:blue_ice":1,"minecraft:orange_wool":4,"minecraft:ice":1,"minecraft:piglin_head":1,"minecraft:sculk_vein":8,"minecraft:milk_bucket":2,"minecraft:splash_potion":1079,"minecraft:experience_bottle":599},"minecraft:picked_up":{"minecraft:stick":1,"minecraft:oak_log":4,"minecraft:golden_chestplate":1,"minecraft:dirt":7,"minecraft:twisting_vines":14,"minecraft:red_shulker_box":1,"minecraft:experience_bottle":4426,"minecraft:chainmail_leggings":1,"minecraft:carved_pumpkin":1,"minecraft:oak_sapling":2,"minecraft:oak_planks":1,"minecraft:iron_boots":1},"minecraft:custom":{"minecraft:time_since_rest":150281,"minecraft:sprint_one_cm":209816,"minecraft:damage_taken":48,"minecraft:walk_one_cm":162261,"minecraft:mob_kills":1,"minecraft:drop":8,"minecraft:inspect_hopper":21,"minecraft:fly_one_cm":3219592,"minecraft:open_chest":42,"minecraft:play_time":153608,"minecraft:crouch_one_cm":1828,"minecraft:open_shulker_box":8,"minecraft:bell_ring":14,"minecraft:sneak_time":2230,"minecraft:jump":1662,"minecraft:leave_game":4,"minecraft:time_since_death":153608,"minecraft:sleep_in_bed":1,"minecraft:climb_one_cm":5059,"minecraft:total_world_time":153608,"minecraft:fall_one_cm":1676,"minecraft:inspect_dispenser":35}},"DataVersion":3953}