{"stats":{"minecraft:used":{"minecraft:moss_block":37,"minecraft:tuff_bricks":614,"minecraft:mossy_stone_bricks":1,"minecraft:moss_carpet":19,"minecraft:copper_trapdoor":1,"minecraft:iron_bars":27,"minecraft:cracked_deepslate_bricks":1,"minecraft:chiseled_tuff":47,"minecraft:blackstone_stairs":36,"minecraft:mangrove_planks":635,"minecraft:blackstone":424,"minecraft:decorated_pot":3,"minecraft:spruce_planks":660,"minecraft:tinted_glass":26,"minecraft:exposed_copper_grate":5,"minecraft:waxed_oxidized_copper_trapdoor":1,"minecraft:bell":1,"minecraft:deepslate_bricks":1,"minecraft:stripped_crimson_stem":28,"minecraft:large_amethyst_bud":1,"minecraft:glow_item_frame":2,"minecraft:anvil":2,"minecraft:waxed_exposed_copper_grate":3,"minecraft:exposed_copper_trapdoor":5,"minecraft:shulker_box":5,"minecraft:deepslate_brick_slab":40,"minecraft:waxed_copper_grate":4,"minecraft:ochre_froglight":3,"minecraft:tuff":38,"minecraft:painting":70,"minecraft:weathered_chiseled_copper":1,"minecraft:spruce_log":44,"minecraft:waxed_weathered_copper_grate":3,"minecraft:waxed_copper_trapdoor":2,"minecraft:obsidian":52,"minecraft:small_amethyst_bud":2,"minecraft:polished_tuff":63,"minecraft:amethyst_cluster":1,"minecraft:polished_tuff_slab":46,"minecraft:weathered_copper_grate":5,"minecraft:flower_pot":1,"minecraft:black_concrete":87,"minecraft:bookshelf":4,"minecraft:weathered_copper_trapdoor":3,"minecraft:crying_obsidian":1,"minecraft:mangrove_stairs":220,"minecraft:oxidized_copper_grate":5,"minecraft:oxidized_copper_trapdoor":2,"minecraft:lantern":14,"minecraft:exposed_chiseled_copper":1,"minecraft:copper_grate":4,"minecraft:brown_stained_glass":4,"minecraft:tuff_brick_stairs":8,"minecraft:verdant_froglight":4,"minecraft:crimson_slab":235,"minecraft:waxed_exposed_copper_trapdoor":2,"minecraft:waxed_exposed_copper_bulb":5,"minecraft:crimson_planks":101,"minecraft:barrel":23,"minecraft:stone_bricks":4,"minecraft:tuff_brick_slab":1,"minecraft:soul_lantern":7,"minecraft:item_frame":4,"minecraft:chiseled_tuff_bricks":57,"minecraft:stripped_mangrove_log":156,"minecraft:waxed_weathered_copper_trapdoor":2,"minecraft:diamond_sword":8,"minecraft:exposed_copper_bulb":1,"minecraft:black_stained_glass":6,"minecraft:stripped_crimson_hyphae":45,"minecraft:mangrove_slab":51,"minecraft:medium_amethyst_bud":2,"minecraft:andesite":2,"minecraft:chain":31,"minecraft:black_candle":7,"minecraft:skeleton_skull":1,"minecraft:pearlescent_froglight":236,"minecraft:candle":9,"minecraft:cobweb":9,"minecraft:gray_stained_glass":3},"minecraft:custom":{"minecraft:interact_with_anvil":2,"minecraft:open_barrel":2,"minecraft:open_shulker_box":17,"minecraft:bell_ring":13,"minecraft:pot_flower":1,"minecraft:leave_game":2,"minecraft:time_since_death":385062,"minecraft:time_since_rest":385062,"minecraft:sprint_one_cm":45660,"minecraft:walk_one_cm":405894,"minecraft:drop":7,"minecraft:damage_dealt":361,"minecraft:fly_one_cm":475137,"minecraft:crouch_one_cm":862,"minecraft:play_time":385062,"minecraft:sneak_time":3116,"minecraft:jump":340,"minecraft:total_world_time":385062},"minecraft:picked_up":{"minecraft:spruce_log":1,"minecraft:shulker_box":4},"minecraft:dropped":{"minecraft:lantern":1,"minecraft:crimson_slab":1,"minecraft:chain":2,"minecraft:spruce_log":1,"minecraft:stripped_crimson_hyphae":1,"minecraft:iron_bars":1}},"DataVersion":3955}