{"stats":{"minecraft:killed":{"minecraft:parrot":2},"minecraft:dropped":{"minecraft:diamond":99,"minecraft:spruce_door":1,"minecraft:stick":1,"minecraft:experience_bottle":3406,"minecraft:diamond_chestplate":1},"minecraft:picked_up":{"minecraft:ominous_bottle":1,"minecraft:experience_bottle":48790,"minecraft:netherite_sword":1,"minecraft:music_disc_pigstep":4,"minecraft:red_shulker_box":3,"minecraft:diamond_chestplate":1,"minecraft:decorated_pot":3,"minecraft:black_banner":2,"minecraft:feather":220,"minecraft:lantern":1,"minecraft:scaffolding":3,"minecraft:spruce_door":1,"minecraft:yellow_carpet":7,"minecraft:diamond":99,"minecraft:lever":1},"minecraft:used":{"minecraft:oak_fence":61,"minecraft:tuff_bricks":360,"minecraft:light_blue_banner":9,"minecraft:netherite_sword":2,"minecraft:blue_terracotta":50,"minecraft:red_sand":26,"minecraft:polished_granite_stairs":1245,"minecraft:waxed_weathered_copper":4,"minecraft:flint_and_steel":96,"minecraft:red_concrete":1,"minecraft:dispenser":3,"minecraft:oak_sign":1,"minecraft:light_blue_terracotta":23,"minecraft:stripped_warped_stem":30,"minecraft:decorated_pot":81,"minecraft:polished_tuff_wall":15,"minecraft:stone":241,"minecraft:sculk":1,"minecraft:stripped_jungle_wood":485,"minecraft:stripped_birch_wood":91,"minecraft:smooth_sandstone_stairs":105,"minecraft:sandstone_wall":566,"minecraft:stripped_crimson_stem":1,"minecraft:netherrack":13,"minecraft:torch":1,"minecraft:warped_wart_block":30,"minecraft:anvil":71,"minecraft:white_carpet":4,"minecraft:hopper":1,"minecraft:blue_stained_glass":50,"minecraft:spruce_stairs":52,"minecraft:crimson_hyphae":1,"minecraft:orange_wool":71,"minecraft:yellow_carpet":609,"minecraft:glow_lichen":16,"minecraft:spruce_fence":9,"minecraft:light_blue_stained_glass":30,"minecraft:mud_brick_stairs":246,"minecraft:waxed_copper_trapdoor":2,"minecraft:orange_candle":426,"minecraft:shroomlight":2,"minecraft:andesite_wall":14,"minecraft:waxed_oxidized_copper":2,"minecraft:red_shulker_box":3,"minecraft:dark_oak_planks":86,"minecraft:packed_ice":253,"minecraft:sea_lantern":48,"minecraft:cyan_terracotta":12,"minecraft:bricks":1,"minecraft:bookshelf":5,"minecraft:mangrove_stairs":25,"minecraft:light_weighted_pressure_plate":1,"minecraft:red_wool":177,"minecraft:spruce_wood":5,"minecraft:lantern":7,"minecraft:grass_block":1,"minecraft:oak_stairs":70,"minecraft:smooth_sandstone":1461,"minecraft:bamboo_hanging_sign":14,"minecraft:packed_mud":24,"minecraft:tuff_wall":545,"minecraft:waxed_exposed_copper_trapdoor":31,"minecraft:dark_oak_slab":97,"minecraft:raw_gold_block":83,"minecraft:mud_bricks":972,"minecraft:barrel":33,"minecraft:stone_bricks":12,"minecraft:yellow_concrete_powder":5,"minecraft:birch_button":3,"minecraft:reinforced_deepslate":41,"minecraft:red_carpet":19,"minecraft:magma_block":11,"minecraft:magenta_wool":26,"minecraft:hay_block":2,"minecraft:scaffolding":7,"minecraft:cyan_concrete_powder":30,"minecraft:end_stone_brick_stairs":109,"minecraft:orange_terracotta":12,"minecraft:deepslate_brick_wall":105,"minecraft:dark_oak_stairs":13,"minecraft:bamboo_trapdoor":1,"minecraft:chiseled_bookshelf":7,"minecraft:mossy_stone_bricks":1,"minecraft:nether_brick_wall":6,"minecraft:dirt_path":12,"minecraft:sandstone_stairs":277,"minecraft:warped_hanging_sign":2,"minecraft:dark_oak_hanging_sign":25,"minecraft:mangrove_planks":1,"minecraft:dark_oak_sign":12,"minecraft:prismarine":1,"minecraft:lime_wool":94,"minecraft:red_nether_bricks":1,"minecraft:blue_wool":41,"minecraft:smooth_sandstone_slab":720,"minecraft:sandstone":7,"minecraft:cut_sandstone":2287,"minecraft:redstone_block":1,"minecraft:white_dye":11,"minecraft:parrot_spawn_egg":5,"minecraft:glow_ink_sac":11,"minecraft:deepslate_bricks":40,"minecraft:polished_blackstone_bricks":3,"minecraft:bamboo_mosaic_stairs":38,"minecraft:white_wool":153,"minecraft:glow_item_frame":6,"minecraft:stripped_mangrove_wood":2,"minecraft:dark_oak_trapdoor":13,"minecraft:sand":294,"minecraft:terracotta":4,"minecraft:acacia_hanging_sign":7,"minecraft:cut_sandstone_slab":640,"minecraft:light_blue_wool":19,"minecraft:black_banner":18,"minecraft:blue_ice":513,"minecraft:campfire":1,"minecraft:blackstone_wall":11,"minecraft:ochre_froglight":8,"minecraft:smoker":1,"minecraft:spruce_log":630,"minecraft:deepslate_brick_stairs":58,"minecraft:exposed_copper":1,"minecraft:birch_fence":5,"minecraft:lever":3,"minecraft:acacia_stairs":25,"minecraft:red_sandstone":292,"minecraft:black_concrete":483,"minecraft:chiseled_sandstone":68,"minecraft:command_block":1,"minecraft:cyan_carpet":11,"minecraft:oak_button":3,"minecraft:tuff_brick_stairs":95,"minecraft:stone_button":1,"minecraft:jungle_stairs":129,"minecraft:stone_slab":22,"minecraft:red_terracotta":1,"minecraft:polished_granite":65,"minecraft:gravel":3,"minecraft:yellow_wool":265,"minecraft:tuff_brick_slab":15,"minecraft:stripped_warped_hyphae":136,"minecraft:mud_brick_wall":460,"minecraft:red_concrete_powder":1,"minecraft:stripped_oak_wood":28,"minecraft:grindstone":1,"minecraft:andesite":65,"minecraft:sandstone_slab":5,"minecraft:chain":86,"minecraft:bamboo_mosaic_slab":21,"minecraft:waxed_copper_bulb":2,"minecraft:brown_mushroom_block":66,"minecraft:jukebox":4,"minecraft:purple_wool":16},"minecraft:custom":{"minecraft:mob_kills":2,"minecraft:inspect_hopper":22,"minecraft:open_barrel":17,"minecraft:open_shulker_box":7,"minecraft:leave_game":9,"minecraft:time_since_death":862033,"minecraft:climb_one_cm":381,"minecraft:sprint_one_cm":375595,"minecraft:walk_one_cm":1110265,"minecraft:drop":79,"minecraft:play_time":862033,"minecraft:sneak_time":31989,"minecraft:jump":2329,"minecraft:total_world_time":862033,"minecraft:play_record":4,"minecraft:interact_with_grindstone":1,"minecraft:time_since_rest":862033,"minecraft:damage_taken":20,"minecraft:damage_dealt":233,"minecraft:fly_one_cm":8763818,"minecraft:open_chest":33,"minecraft:crouch_one_cm":99899,"minecraft:interact_with_smoker":1,"minecraft:fall_one_cm":673,"minecraft:inspect_dispenser":8}},"DataVersion":3953}